productId,productName,productPrice
999900001,Synergistic Granite Shirt,64.6
999900002,Incredible Steel Computer,70.13
999900003,Lightweight Wool Plate,49.24
999900004,Ergonomic Silk Shirt,19.48
999900005,Lightweight Silk Lamp,79.33
999900006,Awesome Bronze Watch,64.39
999900007,Synergistic Plastic Knife,37.72
999900008,Lightweight Marble Plate,80.8
999900009,Fantastic Plastic Gloves,72.02
999900010,Mediocre Granite Shirt,55.93
999900011,Sleek Plastic Bench,77.46
999900012,Synergistic Plastic Bottle,30.88
999900013,Enormous Concrete Chair,44.45
999900014,Aerodynamic Concrete Plate,19.47
999900015,Awesome Wool Coat,54.1
999900016,Synergistic Leather Computer,75.68
999900017,Ergonomic Aluminum Coat,3.26
999900018,Aerodynamic Concrete Computer,74.33
999900019,Practical Silk Clock,50.53
999900020,Aerodynamic Aluminum Table,67.46
999900021,Gorgeous Wool Car,96.67
999900022,Heavy Duty Steel Bench,48.98
999900023,Sleek Plastic Plate,31.52
999900024,Enormous Bronze Lamp,63.1
999900025,Gorgeous Paper Bag,9.69
999900026,Incredible Granite Plate,95.61
999900027,Ergonomic Silk Watch,40.51
999900028,Enormous Copper Knife,57.11
999900029,Mediocre Steel Pants,85.1
999900030,Small Rubber Car,23.36
999900031,Durable Plastic Pants,57.89
999900032,Sleek Copper Wallet,61.66
999900033,Incredible Cotton Table,92.1
999900034,Sleek Cotton Knife,98.89
999900035,Synergistic Concrete Chair,46.87
999900036,Aerodynamic Linen Clock,67.64
999900037,Fantastic Concrete Gloves,67.63
999900038,Durable Wool Bench,94.5
999900039,Lightweight Linen Knife,75.79
999900040,Intelligent Wooden Hat,35.97
999900041,Aerodynamic Cotton Bench,90.61
999900042,Enormous Cotton Bag,50.26
999900043,Synergistic Granite Chair,69.73
999900044,Gorgeous Wooden Knife,95.56
999900045,Lightweight Leather Gloves,20.29
999900046,Durable Bronze Hat,3.96
999900047,Rustic Linen Shoes,9.83
999900048,Awesome Plastic Pants,73.91
999900049,Durable Silk Shoes,86.69
999900050,Heavy Duty Linen Keyboard,37.53
999900051,Synergistic Concrete Bag,69.63
999900052,Aerodynamic Wool Shoes,46.13
999900053,Practical Iron Bottle,82.75
999900054,Intelligent Paper Pants,89.35
999900055,Lightweight Leather Watch,95.62
999900056,Gorgeous Copper Lamp,46.69
999900057,Practical Bronze Wallet,89.01
999900058,Aerodynamic Steel Clock,99.99
999900059,Lightweight Linen Clock,99.31
999900060,Rustic Paper Bench,60.53
999900061,Practical Wooden Knife,98.91
999900062,Intelligent Marble Bench,44.13
999900063,Fantastic Plastic Car,11.26
999900064,Sleek Bronze Table,63.38
999900065,Heavy Duty Linen Keyboard,84.75
999900066,Aerodynamic Marble Gloves,69.23
999900067,Ergonomic Granite Watch,40.33
999900068,Synergistic Concrete Bag,59.19
999900069,Rustic Paper Shirt,4.08
999900070,Awesome Granite Chair,14.84
999900071,Ergonomic Cotton Computer,5.67
999900072,Lightweight Copper Bottle,9.27
999900073,Sleek Paper Computer,37.8
999900074,Gorgeous Aluminum Keyboard,43.05
999900075,Awesome Granite Bottle,41.33
999900076,Aerodynamic Aluminum Pants,36.11
999900077,Aerodynamic Wooden Table,43.0
999900078,Intelligent Granite Car,27.83
999900079,Fantastic Steel Computer,76.2
999900080,Incredible Wool Gloves,37.01
999900081,Incredible Bronze Car,5.98
999900082,Lightweight Plastic Coat,48.71
999900083,Fantastic Marble Clock,33.12
999900084,Mediocre Steel Pants,58.4
999900085,Lightweight Silk Computer,76.47
999900086,Gorgeous Wool Clock,22.9
999900087,Heavy Duty Copper Lamp,72.94
999900088,Durable Rubber Bench,63.28
999900089,Ergonomic Iron Gloves,31.08
999900090,Synergistic Wool Chair,13.88
999900091,Mediocre Steel Table,90.92
999900092,Awesome Linen Wallet,97.79
999900093,Ergonomic Aluminum Bench,48.66
999900094,Aerodynamic Copper Plate,35.08
999900095,Mediocre Copper Gloves,96.52
999900096,Synergistic Iron Bag,9.73
999900097,Rustic Silk Lamp,27.02
999900098,Fantastic Cotton Bench,53.88
999900099,Mediocre Leather Computer,23.97
999900100,Lightweight Aluminum Hat,46.0
999900101,Heavy Duty Granite Bottle,41.91
999900102,Mediocre Leather Watch,7.76
999900103,Awesome Paper Coat,12.09
999900104,Lightweight Aluminum Bottle,16.84
999900105,Intelligent Bronze Wallet,54.49
999900106,Intelligent Wool Shirt,2.45
999900107,Enormous Cotton Gloves,98.86
999900108,Durable Plastic Lamp,44.74
999900109,Awesome Copper Bag,41.0
999900110,Incredible Wool Keyboard,40.4
999900111,Intelligent Paper Shirt,23.34
999900112,Intelligent Wooden Pants,51.75
999900113,Enormous Marble Gloves,23.33
999900114,Enormous Plastic Chair,59.77
999900115,Small Granite Pants,44.19
999900116,Ergonomic Linen Shirt,92.8
999900117,Rustic Wool Gloves,65.39
999900118,Incredible Wool Computer,71.95
999900119,Enormous Bronze Lamp,37.03
999900120,Lightweight Bronze Keyboard,27.14
999900121,Synergistic Leather Chair,7.91
999900122,Intelligent Silk Car,6.17
999900123,Awesome Iron Shirt,41.63
999900124,Practical Aluminum Wallet,77.52
999900125,Ergonomic Concrete Hat,4.06
999900126,Mediocre Marble Wallet,77.81
999900127,Sleek Paper Coat,1.16
999900128,Small Granite Lamp,46.95
999900129,Aerodynamic Concrete Pants,95.11
999900130,Awesome Steel Hat,32.78
999900131,Fantastic Rubber Bench,80.77
999900132,Intelligent Silk Keyboard,15.79
999900133,Awesome Silk Hat,5.28
999900134,Sleek Aluminum Gloves,12.12
999900135,Aerodynamic Bronze Computer,17.85
999900136,Gorgeous Linen Wallet,97.01
999900137,Awesome Concrete Knife,9.94
999900138,Awesome Cotton Table,71.34
999900139,Synergistic Wool Knife,44.0
999900140,Heavy Duty Wool Shirt,81.19
999900141,Aerodynamic Wooden Chair,31.27
999900142,Heavy Duty Granite Gloves,60.04
999900143,Sleek Aluminum Hat,15.84
999900144,Lightweight Copper Shoes,3.56
999900145,Mediocre Leather Bottle,78.96
999900146,Gorgeous Plastic Knife,64.58
999900147,Mediocre Linen Gloves,91.23
999900148,Small Steel Computer,37.74
999900149,Gorgeous Plastic Knife,86.47
999900150,Gorgeous Steel Shoes,74.99
999900151,Aerodynamic Steel Watch,16.57
999900152,Mediocre Silk Knife,91.2
999900153,Incredible Marble Chair,98.68
999900154,Durable Bronze Clock,5.52
999900155,Small Concrete Plate,34.24
999900156,Lightweight Bronze Lamp,98.29
999900157,Practical Paper Gloves,67.11
999900158,Awesome Iron Gloves,65.02
999900159,Awesome Iron Bag,43.02
999900160,Awesome Steel Computer,83.07
999900161,Small Rubber Knife,72.55
999900162,Practical Concrete Coat,89.71
999900163,Lightweight Plastic Table,25.48
999900164,Gorgeous Linen Wallet,76.12
999900165,Awesome Wool Keyboard,59.59
999900166,Mediocre Concrete Table,58.81
999900167,Incredible Paper Wallet,0.89
999900168,Durable Marble Pants,0.68
999900169,Intelligent Silk Chair,68.13
999900170,Ergonomic Linen Bag,67.6
999900171,Gorgeous Paper Coat,37.07
999900172,Incredible Plastic Bench,1.7
999900173,Ergonomic Cotton Keyboard,35.84
999900174,Enormous Silk Table,27.45
999900175,Enormous Paper Bench,8.02
999900176,Ergonomic Bronze Wallet,38.43
999900177,Mediocre Leather Lamp,23.97
999900178,Gorgeous Rubber Car,56.0
999900179,Gorgeous Paper Chair,72.35
999900180,Rustic Linen Bag,33.57
999900181,Gorgeous Silk Bottle,54.34
999900182,Mediocre Leather Car,60.75
999900183,Lightweight Copper Coat,59.51
999900184,Rustic Concrete Clock,8.7
999900185,Mediocre Paper Knife,4.8
999900186,Gorgeous Copper Coat,67.19
999900187,Lightweight Rubber Shoes,34.33
999900188,Ergonomic Paper Bottle,2.01
999900189,Lightweight Leather Watch,77.81
999900190,Rustic Granite Pants,98.41
999900191,Awesome Plastic Chair,93.85
999900192,Aerodynamic Steel Watch,77.44
999900193,Gorgeous Granite Shoes,62.92
999900194,Intelligent Concrete Bench,42.09
999900195,Lightweight Iron Keyboard,73.21
999900196,Mediocre Silk Car,87.12
999900197,Practical Wooden Wallet,60.24
999900198,Fantastic Paper Shoes,95.69
999900199,Practical Paper Bottle,67.98
999900200,Durable Copper Keyboard,36.88
999900201,Rustic Concrete Bag,13.92
999900202,Lightweight Rubber Shirt,29.96
999900203,Durable Wool Bag,48.55
999900204,Aerodynamic Iron Knife,49.24
999900205,Awesome Rubber Keyboard,39.22
999900206,Heavy Duty Aluminum Lamp,60.79
999900207,Awesome Marble Wallet,58.35
999900208,Incredible Wooden Plate,92.56
999900209,Intelligent Wooden Bag,75.54
999900210,Enormous Wooden Watch,41.0
999900211,Rustic Silk Chair,70.49
999900212,Durable Rubber Hat,98.57
999900213,Intelligent Marble Computer,93.04
999900214,Intelligent Plastic Shoes,36.6
999900215,Practical Silk Gloves,78.86
999900216,Intelligent Rubber Keyboard,75.05
999900217,Enormous Aluminum Bag,49.69
999900218,Intelligent Copper Knife,10.55
999900219,Sleek Concrete Bottle,29.43
999900220,Lightweight Rubber Table,13.61
999900221,Enormous Marble Bottle,85.91
999900222,Aerodynamic Granite Knife,13.58
999900223,Enormous Copper Bag,47.06
999900224,Aerodynamic Silk Keyboard,22.89
999900225,Synergistic Wooden Hat,49.94
999900226,Small Marble Gloves,54.01
999900227,Heavy Duty Concrete Coat,83.4
999900228,Synergistic Bronze Computer,93.11
999900229,Heavy Duty Granite Plate,29.87
999900230,Enormous Rubber Table,52.1
999900231,Incredible Rubber Gloves,35.04
999900232,Sleek Wool Chair,23.31
999900233,Sleek Marble Shoes,89.02
999900234,Ergonomic Bronze Gloves,59.72
999900235,Durable Paper Clock,48.4
999900236,Synergistic Rubber Hat,55.17
999900237,Intelligent Wooden Table,36.93
999900238,Lightweight Linen Gloves,62.77
999900239,Ergonomic Leather Bag,12.99
999900240,Rustic Paper Hat,39.56
999900241,Intelligent Wooden Wallet,44.34
999900242,Practical Steel Car,64.04
999900243,Enormous Plastic Table,28.75
999900244,Durable Wooden Plate,78.66
999900245,Synergistic Wooden Bag,21.39
999900246,Synergistic Paper Lamp,41.48
999900247,Durable Wooden Shoes,30.05
999900248,Gorgeous Silk Table,99.68
999900249,Gorgeous Leather Keyboard,13.32
999900250,Mediocre Iron Gloves,77.35
999900251,Awesome Bronze Pants,31.13
999900252,Mediocre Linen Knife,17.08
999900253,Gorgeous Leather Shoes,38.62
999900254,Lightweight Wool Clock,81.86
999900255,Small Paper Bench,79.61
999900256,Ergonomic Copper Plate,70.42
999900257,Practical Marble Clock,54.77
999900258,Durable Bronze Wallet,82.44
999900259,Heavy Duty Wool Keyboard,29.13
999900260,Durable Paper Bench,2.99
999900261,Heavy Duty Silk Keyboard,14.21
999900262,Incredible Bronze Hat,92.65
999900263,Sleek Marble Lamp,64.14
999900264,Durable Silk Table,92.07
999900265,Rustic Concrete Bag,87.62
999900266,Aerodynamic Silk Bag,8.0
999900267,Small Bronze Computer,83.38
999900268,Gorgeous Wooden Bench,2.18
999900269,Lightweight Silk Computer,24.91
999900270,Lightweight Paper Clock,29.74
999900271,Rustic Copper Wallet,8.53
999900272,Intelligent Granite Lamp,5.12
999900273,Ergonomic Bronze Lamp,84.26
999900274,Sleek Rubber Knife,88.66
999900275,Synergistic Bronze Bench,76.25
999900276,Intelligent Concrete Computer,71.02
999900277,Fantastic Plastic Keyboard,41.71
999900278,Gorgeous Granite Shoes,13.27
999900279,Aerodynamic Paper Car,70.04
999900280,Practical Wool Chair,57.98
999900281,Mediocre Linen Chair,51.6
999900282,Awesome Paper Table,60.58
999900283,Durable Plastic Gloves,89.96
999900284,Ergonomic Plastic Gloves,17.83
999900285,Gorgeous Granite Watch,34.38
999900286,Mediocre Bronze Keyboard,39.07
999900287,Heavy Duty Bronze Coat,58.02
999900288,Practical Aluminum Pants,46.49
999900289,Small Silk Lamp,40.58
999900290,Aerodynamic Leather Keyboard,6.63
999900291,Incredible Concrete Watch,41.92
999900292,Lightweight Bronze Shirt,69.53
999900293,Fantastic Steel Shoes,66.41
999900294,Sleek Marble Coat,10.64
999900295,Heavy Duty Silk Shoes,7.12
999900296,Awesome Concrete Plate,0.36
999900297,Synergistic Wooden Gloves,61.92
999900298,Incredible Silk Wallet,58.83
999900299,Practical Cotton Hat,92.14
999900300,Ergonomic Aluminum Bag,98.54
999900301,Enormous Wool Coat,80.1
999900302,Synergistic Cotton Table,12.68
999900303,Fantastic Marble Shoes,43.82
999900304,Ergonomic Aluminum Gloves,99.4
999900305,Awesome Wooden Pants,14.33
999900306,Aerodynamic Bronze Pants,87.22
999900307,Aerodynamic Silk Bag,54.27
999900308,Aerodynamic Wool Shoes,71.5
999900309,Synergistic Granite Bottle,82.23
999900310,Rustic Paper Keyboard,20.58
999900311,Heavy Duty Cotton Hat,47.95
999900312,Sleek Silk Plate,73.37
999900313,Small Steel Bench,50.38
999900314,Rustic Granite Chair,54.2
999900315,Aerodynamic Steel Coat,73.33
999900316,Incredible Leather Table,41.37
999900317,Synergistic Steel Bottle,92.59
999900318,Awesome Plastic Bottle,91.3
999900319,Gorgeous Aluminum Shirt,38.53
999900320,Enormous Steel Shoes,12.91
999900321,Small Wooden Chair,14.43
999900322,Practical Steel Lamp,90.78
999900323,Durable Marble Pants,81.8
999900324,Fantastic Marble Coat,17.43
999900325,Aerodynamic Concrete Lamp,9.79
999900326,Durable Concrete Bottle,10.79
999900327,Intelligent Steel Hat,5.84
999900328,Gorgeous Silk Clock,96.31
999900329,Intelligent Steel Bench,87.28
999900330,Rustic Silk Chair,57.86
999900331,Durable Paper Lamp,8.34
999900332,Mediocre Paper Car,13.71
999900333,Rustic Cotton Wallet,81.93
999900334,Lightweight Leather Table,80.17
999900335,Heavy Duty Silk Gloves,70.91
999900336,Durable Concrete Bottle,16.92
999900337,Fantastic Wool Hat,62.98
999900338,Enormous Linen Shirt,88.93
999900339,Small Granite Bag,92.84
999900340,Intelligent Rubber Hat,95.84
999900341,Fantastic Linen Plate,42.86
999900342,Practical Copper Shirt,9.03
999900343,Lightweight Marble Wallet,77.44
999900344,Incredible Leather Hat,79.4
999900345,Sleek Copper Watch,64.41
999900346,Enormous Wooden Lamp,73.39
999900347,Mediocre Wool Watch,56.18
999900348,Intelligent Wooden Lamp,18.32
999900349,Lightweight Steel Bench,89.44
999900350,Enormous Copper Bag,47.59
999900351,Intelligent Silk Lamp,11.41
999900352,Fantastic Silk Plate,19.24
999900353,Incredible Linen Computer,76.34
999900354,Rustic Granite Shoes,29.83
999900355,Awesome Cotton Watch,82.91
999900356,Durable Plastic Bench,70.22
999900357,Mediocre Iron Watch,29.3
999900358,Heavy Duty Linen Wallet,31.53
999900359,Practical Paper Bench,99.07
999900360,Fantastic Plastic Lamp,89.88
999900361,Aerodynamic Marble Shirt,37.27
999900362,Enormous Silk Knife,36.82
999900363,Fantastic Steel Shirt,1.48
999900364,Awesome Wooden Shoes,25.28
999900365,Lightweight Cotton Bag,24.87
999900366,Incredible Wooden Lamp,33.32
999900367,Fantastic Rubber Chair,55.24
999900368,Small Cotton Pants,54.04
999900369,Gorgeous Wooden Knife,84.52
999900370,Enormous Wooden Gloves,35.94
999900371,Heavy Duty Rubber Bag,87.73
999900372,Gorgeous Granite Table,24.76
999900373,Awesome Marble Table,94.6
999900374,Awesome Marble Hat,12.0
999900375,Incredible Wooden Pants,40.64
999900376,Gorgeous Silk Keyboard,11.92
999900377,Awesome Steel Gloves,90.86
999900378,Mediocre Iron Car,95.68
999900379,Ergonomic Rubber Watch,74.66
999900380,Fantastic Marble Plate,5.75
999900381,Durable Marble Coat,9.66
999900382,Sleek Linen Bag,29.56
999900383,Aerodynamic Aluminum Shoes,39.4
999900384,Intelligent Bronze Wallet,97.85
999900385,Awesome Concrete Chair,65.69
999900386,Enormous Steel Watch,28.5
999900387,Rustic Iron Watch,24.32
999900388,Incredible Plastic Bottle,26.01
999900389,Mediocre Rubber Gloves,41.28
999900390,Mediocre Wool Computer,56.67
999900391,Gorgeous Leather Bag,86.05
999900392,Sleek Plastic Shirt,78.86
999900393,Awesome Wooden Watch,18.42
999900394,Mediocre Wooden Coat,83.66
999900395,Lightweight Wooden Table,5.83
999900396,Durable Steel Bag,27.19
999900397,Ergonomic Rubber Bag,71.98
999900398,Awesome Steel Shoes,22.64
999900399,Incredible Iron Bench,54.85
999900400,Mediocre Steel Bag,94.0
999900401,Small Iron Clock,97.91
999900402,Aerodynamic Plastic Bag,97.83
999900403,Sleek Rubber Bottle,27.78
999900404,Synergistic Linen Gloves,22.87
999900405,Ergonomic Marble Coat,82.35
999900406,Enormous Iron Bench,75.74
999900407,Aerodynamic Marble Bottle,73.78
999900408,Synergistic Wool Watch,81.37
999900409,Gorgeous Steel Watch,27.81
999900410,Practical Paper Wallet,72.61
999900411,Small Iron Hat,92.65
999900412,Durable Leather Watch,94.86
999900413,Intelligent Concrete Table,64.37
999900414,Synergistic Linen Shirt,8.04
999900415,Synergistic Silk Wallet,40.3
999900416,Incredible Wooden Chair,51.51
999900417,Rustic Plastic Computer,54.87
999900418,Incredible Concrete Hat,63.56
999900419,Lightweight Plastic Chair,76.41
999900420,Synergistic Iron Chair,32.05
999900421,Enormous Leather Gloves,91.92
999900422,Rustic Concrete Bottle,66.56
999900423,Synergistic Leather Lamp,96.66
999900424,Rustic Silk Wallet,79.92
999900425,Ergonomic Steel Coat,14.71
999900426,Lightweight Wooden Coat,8.38
999900427,Ergonomic Marble Shirt,87.08
999900428,Heavy Duty Linen Keyboard,49.35
999900429,Sleek Linen Clock,99.49
999900430,Synergistic Plastic Lamp,16.87
999900431,Practical Cotton Clock,68.81
999900432,Sleek Plastic Bag,9.6
999900433,Rustic Iron Table,97.78
999900434,Awesome Marble Chair,94.1
999900435,Heavy Duty Paper Plate,22.67
999900436,Incredible Wooden Bench,81.37
999900437,Enormous Steel Shirt,81.37
999900438,Ergonomic Steel Bag,49.05
999900439,Awesome Copper Computer,84.46
999900440,Rustic Granite Shirt,75.14
999900441,Aerodynamic Aluminum Bench,67.32
999900442,Small Cotton Chair,62.26
999900443,Intelligent Plastic Shoes,31.15
999900444,Synergistic Concrete Lamp,54.96
999900445,Gorgeous Rubber Bench,24.9
999900446,Durable Steel Hat,16.58
999900447,Rustic Silk Clock,63.68
999900448,Fantastic Cotton Pants,83.58
999900449,Rustic Plastic Bag,40.18
999900450,Sleek Marble Knife,79.21
999900451,Gorgeous Cotton Table,72.55
999900452,Fantastic Iron Keyboard,8.11
999900453,Fantastic Silk Pants,34.1
999900454,Durable Marble Gloves,78.68
999900455,Mediocre Marble Watch,18.27
999900456,Ergonomic Granite Bench,14.71
999900457,Durable Steel Keyboard,91.87
999900458,Sleek Wooden Pants,54.6
999900459,Ergonomic Wooden Plate,96.94
999900460,Ergonomic Steel Lamp,38.54
999900461,Incredible Rubber Wallet,82.38
999900462,Fantastic Aluminum Table,73.75
999900463,Heavy Duty Concrete Watch,4.76
999900464,Lightweight Plastic Car,33.41
999900465,Awesome Silk Pants,87.73
999900466,Incredible Aluminum Bench,75.05
999900467,Lightweight Rubber Bottle,81.04
999900468,Sleek Steel Plate,34.64
999900469,Small Paper Bag,57.13
999900470,Durable Wool Bottle,87.36
999900471,Durable Steel Knife,50.48
999900472,Rustic Bronze Bag,39.96
999900473,Sleek Bronze Chair,73.42
999900474,Lightweight Wooden Bench,32.33
999900475,Enormous Plastic Coat,10.59
999900476,Durable Cotton Hat,63.8
999900477,Enormous Linen Coat,22.63
999900478,Heavy Duty Bronze Chair,92.01
999900479,Durable Aluminum Watch,11.75
999900480,Practical Bronze Shirt,20.73
999900481,Gorgeous Paper Wallet,79.98
999900482,Mediocre Leather Pants,65.76
999900483,Rustic Iron Computer,56.14
999900484,Rustic Rubber Bag,68.71
999900485,Small Copper Lamp,32.83
999900486,Synergistic Marble Hat,27.74
999900487,Synergistic Leather Bag,29.13
999900488,Lightweight Rubber Bag,1.13
999900489,Durable Wool Shirt,11.46
999900490,Sleek Wooden Plate,6.82
999900491,Intelligent Marble Bench,65.69
999900492,Rustic Concrete Computer,50.62
999900493,Incredible Plastic Keyboard,70.97
999900494,Enormous Bronze Shoes,62.76
999900495,Intelligent Aluminum Gloves,15.59
999900496,Sleek Granite Car,45.52
999900497,Gorgeous Linen Coat,85.88
999900498,Mediocre Wool Shirt,10.68
999900499,Small Concrete Table,89.04
999900500,Aerodynamic Linen Bottle,0.58
999900501,Lightweight Steel Shoes,78.76
999900502,Sleek Granite Chair,21.22
999900503,Lightweight Steel Coat,50.46
999900504,Ergonomic Concrete Bag,94.41
999900505,Heavy Duty Rubber Watch,94.73
999900506,Fantastic Marble Bag,84.04
999900507,Small Concrete Keyboard,55.99
999900508,Heavy Duty Copper Shirt,74.26
999900509,Small Cotton Wallet,64.82
999900510,Fantastic Rubber Shirt,91.84
999900511,Synergistic Wooden Bench,54.39
999900512,Incredible Granite Bench,78.31
999900513,Practical Silk Bottle,30.19
999900514,Aerodynamic Plastic Keyboard,71.45
999900515,Sleek Steel Pants,53.14
999900516,Lightweight Concrete Watch,94.19
999900517,Small Silk Keyboard,49.17
999900518,Small Bronze Coat,35.13
999900519,Rustic Silk Bottle,88.57
999900520,Synergistic Marble Car,99.58
999900521,Small Leather Bench,4.65
999900522,Small Copper Watch,43.34
999900523,Awesome Rubber Shoes,82.51
999900524,Ergonomic Wool Wallet,4.16
999900525,Durable Steel Gloves,8.56
999900526,Heavy Duty Paper Computer,89.79
999900527,Ergonomic Bronze Hat,55.26
999900528,Fantastic Leather Keyboard,28.98
999900529,Intelligent Aluminum Pants,52.67
999900530,Sleek Bronze Chair,37.96
999900531,Synergistic Leather Car,39.26
999900532,Durable Rubber Chair,94.86
999900533,Intelligent Wool Car,35.96
999900534,Incredible Aluminum Pants,39.34
999900535,Rustic Concrete Shoes,75.94
999900536,Fantastic Marble Lamp,21.54
999900537,Small Steel Wallet,61.96
999900538,Heavy Duty Bronze Shirt,46.69
999900539,Rustic Marble Bottle,15.13
999900540,Sleek Iron Watch,67.25
999900541,Intelligent Granite Plate,16.56
999900542,Aerodynamic Wool Coat,38.74
999900543,Fantastic Linen Clock,88.25
999900544,Durable Cotton Hat,18.25
999900545,Rustic Bronze Knife,26.93
999900546,Rustic Concrete Wallet,97.52
999900547,Fantastic Silk Clock,19.92
999900548,Awesome Copper Shoes,0.53
999900549,Mediocre Silk Table,52.68
999900550,Gorgeous Copper Gloves,17.91
999900551,Rustic Wool Shirt,33.67
999900552,Small Cotton Plate,64.37
999900553,Mediocre Marble Hat,55.84
999900554,Ergonomic Concrete Car,84.97
999900555,Synergistic Concrete Knife,13.8
999900556,Synergistic Plastic Keyboard,45.27
999900557,Durable Cotton Chair,40.06
999900558,Mediocre Bronze Lamp,73.8
999900559,Enormous Concrete Lamp,3.8
999900560,Gorgeous Aluminum Bench,42.71
999900561,Small Silk Bottle,91.0
999900562,Synergistic Granite Clock,16.18
999900563,Intelligent Wool Lamp,59.99
999900564,Awesome Plastic Clock,68.95
999900565,Durable Steel Plate,9.46
999900566,Durable Copper Car,35.97
999900567,Rustic Bronze Gloves,75.23
999900568,Enormous Marble Watch,91.47
999900569,Fantastic Linen Table,20.13
999900570,Practical Plastic Shirt,92.9
999900571,Fantastic Paper Shirt,39.4
999900572,Enormous Wool Lamp,41.11
999900573,Lightweight Wool Computer,98.59
999900574,Incredible Wooden Pants,41.83
999900575,Ergonomic Concrete Chair,90.07
999900576,Intelligent Leather Watch,49.57
999900577,Sleek Plastic Pants,66.54
999900578,Ergonomic Steel Pants,26.46
999900579,Synergistic Wooden Lamp,16.5
999900580,Small Plastic Knife,58.1
999900581,Rustic Bronze Table,12.34
999900582,Synergistic Iron Shoes,87.25
999900583,Incredible Cotton Bottle,32.66
999900584,Fantastic Paper Pants,50.11
999900585,Fantastic Wooden Bench,45.98
999900586,Small Iron Bench,89.36
999900587,Practical Wooden Pants,9.3
999900588,Sleek Iron Shirt,73.85
999900589,Gorgeous Wool Knife,61.62
999900590,Practical Wooden Hat,25.42
999900591,Gorgeous Cotton Knife,11.37
999900592,Intelligent Wool Hat,62.05
999900593,Rustic Wooden Knife,68.56
999900594,Enormous Silk Bottle,40.59
999900595,Durable Copper Computer,95.0
999900596,Lightweight Concrete Wallet,21.99
999900597,Intelligent Rubber Shoes,44.98
999900598,Awesome Plastic Table,72.85
999900599,Heavy Duty Marble Coat,78.86
999900600,Gorgeous Copper Keyboard,64.17
999900601,Practical Marble Bench,45.5
999900602,Enormous Plastic Bench,24.59
999900603,Lightweight Rubber Pants,77.76
999900604,Incredible Copper Chair,87.2
999900605,Gorgeous Paper Table,51.22
999900606,Synergistic Leather Knife,45.07
999900607,Small Linen Shirt,14.1
999900608,Ergonomic Paper Plate,21.42
999900609,Aerodynamic Plastic Watch,32.78
999900610,Intelligent Paper Clock,33.44
999900611,Incredible Plastic Coat,55.23
999900612,Synergistic Aluminum Bag,9.2
999900613,Fantastic Plastic Shoes,16.09
999900614,Incredible Copper Knife,86.27
999900615,Mediocre Silk Car,44.98
999900616,Fantastic Leather Shirt,23.3
999900617,Small Silk Chair,5.71
999900618,Incredible Cotton Pants,41.07
999900619,Lightweight Steel Watch,46.21
999900620,Ergonomic Aluminum Watch,81.18
999900621,Aerodynamic Marble Plate,61.31
999900622,Ergonomic Wooden Plate,77.44
999900623,Mediocre Rubber Bench,11.54
999900624,Enormous Granite Table,36.83
999900625,Fantastic Silk Gloves,12.41
999900626,Fantastic Paper Coat,64.18
999900627,Mediocre Plastic Pants,83.56
999900628,Small Cotton Hat,36.45
999900629,Rustic Steel Gloves,80.73
999900630,Sleek Plastic Pants,5.53
999900631,Synergistic Cotton Watch,56.67
999900632,Heavy Duty Wooden Chair,22.28
999900633,Aerodynamic Copper Coat,97.39
999900634,Fantastic Leather Knife,79.63
999900635,Awesome Marble Shirt,33.46
999900636,Aerodynamic Steel Lamp,1.85
999900637,Rustic Marble Plate,14.31
999900638,Lightweight Steel Coat,52.47
999900639,Awesome Wooden Hat,83.68
999900640,Gorgeous Paper Shoes,58.74
999900641,Rustic Copper Shoes,21.37
999900642,Lightweight Granite Watch,30.97
999900643,Small Granite Clock,74.8
999900644,Gorgeous Plastic Knife,34.37
999900645,Heavy Duty Wooden Bag,68.74
999900646,Awesome Paper Gloves,17.36
999900647,Heavy Duty Cotton Clock,37.91
999900648,Incredible Bronze Computer,28.89
999900649,Fantastic Silk Car,28.22
999900650,Awesome Granite Lamp,87.37
999900651,Lightweight Steel Gloves,61.07
999900652,Aerodynamic Aluminum Wallet,48.72
999900653,Intelligent Steel Coat,0.81
999900654,Gorgeous Leather Watch,17.39
999900655,Ergonomic Plastic Watch,53.65
999900656,Intelligent Copper Clock,17.14
999900657,Fantastic Rubber Table,25.94
999900658,Ergonomic Leather Watch,77.67
999900659,Fantastic Aluminum Watch,90.98
999900660,Intelligent Bronze Watch,87.73
999900661,Small Granite Hat,78.39
999900662,Synergistic Steel Table,24.16
999900663,Small Concrete Keyboard,56.54
999900664,Synergistic Cotton Coat,83.96
999900665,Incredible Iron Computer,54.64
999900666,Aerodynamic Wooden Wallet,9.24
999900667,Awesome Bronze Hat,33.68
999900668,Incredible Wool Table,84.71
999900669,Awesome Copper Gloves,73.11
999900670,Small Aluminum Coat,80.37
999900671,Synergistic Rubber Lamp,26.9
999900672,Sleek Steel Hat,90.49
999900673,Rustic Marble Coat,11.72
999900674,Aerodynamic Cotton Knife,96.78
999900675,Ergonomic Steel Shirt,89.68
999900676,Ergonomic Leather Bottle,17.62
999900677,Sleek Iron Wallet,18.55
999900678,Lightweight Silk Computer,8.96
999900679,Ergonomic Wooden Chair,9.88
999900680,Practical Silk Shoes,61.98
999900681,Mediocre Cotton Keyboard,91.91
999900682,Fantastic Wooden Knife,69.66
999900683,Awesome Granite Bench,19.66
999900684,Awesome Copper Knife,58.39
999900685,Incredible Paper Clock,88.08
999900686,Gorgeous Steel Computer,71.91
999900687,Durable Leather Coat,4.4
999900688,Awesome Linen Knife,96.48
999900689,Synergistic Bronze Knife,77.96
999900690,Awesome Aluminum Table,97.78
999900691,Gorgeous Iron Pants,39.45
999900692,Synergistic Concrete Bag,77.44
999900693,Fantastic Bronze Hat,7.62
999900694,Practical Iron Pants,58.77
999900695,Intelligent Cotton Computer,74.78
999900696,Small Leather Pants,45.9
999900697,Rustic Marble Shoes,86.89
999900698,Fantastic Marble Keyboard,76.04
999900699,Aerodynamic Paper Car,62.04
999900700,Practical Wooden Car,73.31
999900701,Awesome Iron Chair,20.31
999900702,Small Leather Computer,86.57
999900703,Mediocre Aluminum Clock,6.51
999900704,Fantastic Leather Lamp,20.45
999900705,Rustic Marble Hat,36.01
999900706,Heavy Duty Copper Wallet,34.89
999900707,Heavy Duty Granite Pants,64.95
999900708,Gorgeous Leather Watch,60.44
999900709,Durable Aluminum Bottle,62.21
999900710,Ergonomic Concrete Pants,71.82
999900711,Durable Paper Gloves,70.43
999900712,Synergistic Aluminum Car,94.58
999900713,Awesome Steel Bottle,42.81
999900714,Fantastic Granite Plate,0.69
999900715,Gorgeous Paper Lamp,74.7
999900716,Aerodynamic Silk Car,64.07
999900717,Lightweight Plastic Wallet,91.08
999900718,Intelligent Leather Keyboard,93.22
999900719,Mediocre Leather Table,68.44
999900720,Mediocre Plastic Hat,22.72
999900721,Aerodynamic Copper Bag,14.14
999900722,Lightweight Wooden Pants,13.58
999900723,Rustic Rubber Coat,89.32
999900724,Lightweight Bronze Lamp,40.62
999900725,Lightweight Aluminum Car,34.09
999900726,Ergonomic Wool Table,98.95
999900727,Small Steel Pants,8.16
999900728,Fantastic Leather Shirt,6.37
999900729,Awesome Plastic Knife,10.69
999900730,Enormous Marble Hat,22.84
999900731,Incredible Cotton Wallet,4.1
999900732,Ergonomic Wooden Plate,64.06
999900733,Enormous Aluminum Bag,83.94
999900734,Enormous Granite Bench,26.49
999900735,Mediocre Copper Wallet,93.9
999900736,Ergonomic Silk Clock,90.61
999900737,Small Steel Bag,95.42
999900738,Incredible Bronze Wallet,19.81
999900739,Lightweight Plastic Plate,66.48
999900740,Synergistic Plastic Gloves,94.64
999900741,Incredible Copper Bottle,78.35
999900742,Sleek Rubber Hat,94.63
999900743,Mediocre Rubber Lamp,26.78
999900744,Sleek Plastic Gloves,7.45
999900745,Intelligent Copper Lamp,86.74
999900746,Intelligent Wooden Chair,37.41
999900747,Fantastic Plastic Keyboard,61.47
999900748,Practical Iron Gloves,74.48
999900749,Lightweight Aluminum Lamp,42.53
999900750,Gorgeous Plastic Hat,97.43
999900751,Rustic Rubber Coat,78.21
999900752,Durable Plastic Hat,26.42
999900753,Synergistic Steel Keyboard,40.71
999900754,Aerodynamic Wooden Gloves,41.17
999900755,Incredible Silk Hat,20.75
999900756,Rustic Rubber Knife,76.73
999900757,Gorgeous Plastic Clock,61.04
999900758,Fantastic Wooden Shirt,78.0
999900759,Gorgeous Copper Bottle,37.51
999900760,Lightweight Concrete Plate,18.32
999900761,Rustic Paper Pants,80.23
999900762,Fantastic Granite Computer,62.11
999900763,Heavy Duty Rubber Shoes,55.6
999900764,Ergonomic Paper Shirt,69.5
999900765,Heavy Duty Wooden Table,71.41
999900766,Sleek Steel Pants,86.24
999900767,Gorgeous Iron Table,37.17
999900768,Synergistic Silk Car,87.11
999900769,Fantastic Iron Computer,73.77
999900770,Synergistic Paper Gloves,74.11
999900771,Awesome Rubber Plate,36.57
999900772,Awesome Copper Computer,44.02
999900773,Small Plastic Shoes,39.65
999900774,Gorgeous Iron Knife,29.19
999900775,Sleek Concrete Table,27.09
999900776,Rustic Leather Table,77.02
999900777,Fantastic Aluminum Hat,41.26
999900778,Small Concrete Pants,99.59
999900779,Heavy Duty Bronze Computer,81.31
999900780,Rustic Granite Gloves,97.34
999900781,Durable Silk Car,85.59
999900782,Ergonomic Silk Watch,4.89
999900783,Fantastic Linen Computer,2.94
999900784,Aerodynamic Paper Car,16.92
999900785,Synergistic Granite Knife,30.37
999900786,Enormous Aluminum Bench,36.42
999900787,Intelligent Wool Hat,65.76
999900788,Synergistic Paper Coat,54.5
999900789,Fantastic Paper Knife,74.33
999900790,Intelligent Paper Pants,71.57
999900791,Heavy Duty Plastic Bottle,93.11
999900792,Rustic Rubber Chair,22.61
999900793,Awesome Plastic Chair,62.96
999900794,Rustic Silk Plate,36.18
999900795,Practical Linen Chair,43.69
999900796,Durable Silk Wallet,61.92
999900797,Incredible Wooden Bottle,79.45
999900798,Intelligent Concrete Plate,42.68
999900799,Sleek Granite Pants,73.49
999900800,Lightweight Bronze Plate,38.8
999900801,Practical Concrete Shirt,98.32
999900802,Durable Marble Computer,29.0
999900803,Ergonomic Plastic Gloves,44.92
999900804,Small Iron Wallet,84.87
999900805,Awesome Rubber Bottle,53.38
999900806,Heavy Duty Paper Shoes,15.0
999900807,Practical Cotton Knife,10.28
999900808,Mediocre Silk Knife,67.36
999900809,Mediocre Bronze Knife,97.4
999900810,Awesome Steel Plate,84.05
999900811,Fantastic Cotton Watch,23.08
999900812,Lightweight Copper Gloves,94.96
999900813,Enormous Wool Lamp,10.69
999900814,Synergistic Granite Wallet,32.42
999900815,Rustic Paper Car,26.67
999900816,Synergistic Paper Hat,95.82
999900817,Enormous Paper Wallet,0.52
999900818,Fantastic Paper Shoes,16.09
999900819,Intelligent Iron Watch,40.66
999900820,Gorgeous Linen Watch,40.59
999900821,Lightweight Linen Clock,40.99
999900822,Practical Steel Bottle,60.74
999900823,Ergonomic Granite Pants,51.52
999900824,Practical Steel Watch,11.28
999900825,Awesome Cotton Bottle,49.92
999900826,Rustic Linen Chair,98.12
999900827,Ergonomic Bronze Gloves,11.06
999900828,Aerodynamic Aluminum Watch,53.28
999900829,Practical Rubber Bag,20.17
999900830,Heavy Duty Iron Bag,0.37
999900831,Gorgeous Silk Pants,35.45
999900832,Mediocre Iron Hat,58.35
999900833,Mediocre Rubber Computer,97.83
999900834,Synergistic Concrete Keyboard,18.25
999900835,Aerodynamic Concrete Pants,65.03
999900836,Durable Bronze Computer,55.32
999900837,Durable Granite Watch,80.48
999900838,Mediocre Cotton Watch,93.26
999900839,Rustic Bronze Plate,12.6
999900840,Sleek Leather Keyboard,77.3
999900841,Enormous Plastic Knife,41.09
999900842,Gorgeous Plastic Table,24.71
999900843,Intelligent Linen Shirt,72.38
999900844,Incredible Rubber Computer,1.0
999900845,Fantastic Bronze Keyboard,33.22
999900846,Lightweight Bronze Pants,87.55
999900847,Incredible Copper Pants,45.51
999900848,Incredible Concrete Hat,38.24
999900849,Small Bronze Table,13.76
999900850,Heavy Duty Wool Bench,36.97
999900851,Fantastic Marble Pants,28.91
999900852,Enormous Rubber Bottle,2.1
999900853,Synergistic Concrete Keyboard,11.34
999900854,Ergonomic Iron Keyboard,9.45
999900855,Lightweight Wooden Keyboard,14.27
999900856,Durable Bronze Plate,70.93
999900857,Aerodynamic Silk Coat,50.87
999900858,Practical Bronze Plate,63.3
999900859,Heavy Duty Wool Hat,12.89
999900860,Awesome Silk Keyboard,61.48
999900861,Lightweight Silk Bag,13.1
999900862,Incredible Aluminum Shoes,55.56
999900863,Synergistic Aluminum Bag,1.61
999900864,Rustic Concrete Bottle,75.93
999900865,Intelligent Wool Bottle,7.99
999900866,Practical Leather Lamp,55.27
999900867,Sleek Marble Coat,25.92
999900868,Rustic Copper Gloves,63.47
999900869,Sleek Silk Table,83.15
999900870,Awesome Plastic Gloves,60.43
999900871,Rustic Rubber Bench,80.71
999900872,Practical Plastic Keyboard,92.54
999900873,Lightweight Cotton Plate,84.44
999900874,Practical Wool Pants,48.22
999900875,Intelligent Plastic Pants,58.76
999900876,Intelligent Rubber Bench,48.72
999900877,Gorgeous Aluminum Lamp,62.43
999900878,Small Rubber Coat,14.66
999900879,Durable Iron Watch,34.02
999900880,Heavy Duty Paper Computer,91.47
999900881,Intelligent Concrete Table,50.6
999900882,Aerodynamic Leather Shoes,83.35
999900883,Heavy Duty Granite Table,64.28
999900884,Ergonomic Leather Clock,32.85
999900885,Small Iron Shirt,74.6
999900886,Ergonomic Wool Table,6.59
999900887,Practical Bronze Table,18.0
999900888,Intelligent Marble Hat,56.15
999900889,Aerodynamic Plastic Bottle,24.12
999900890,Lightweight Iron Keyboard,81.75
999900891,Mediocre Wooden Keyboard,76.73
999900892,Synergistic Wooden Bottle,12.98
999900893,Synergistic Concrete Lamp,93.19
999900894,Small Wool Pants,37.05
999900895,Practical Wool Wallet,41.26
999900896,Mediocre Granite Shirt,15.51
999900897,Aerodynamic Paper Coat,74.0
999900898,Awesome Silk Pants,43.39
999900899,Gorgeous Silk Gloves,89.37
999900900,Rustic Paper Keyboard,44.38
999900901,Enormous Wooden Plate,50.97
999900902,Fantastic Marble Knife,11.11
999900903,Gorgeous Marble Plate,41.55
999900904,Ergonomic Wool Coat,92.9
999900905,Fantastic Bronze Plate,56.76
999900906,Heavy Duty Plastic Shoes,75.42
999900907,Mediocre Copper Bottle,90.82
999900908,Gorgeous Cotton Plate,60.45
999900909,Incredible Granite Chair,11.11
999900910,Awesome Rubber Gloves,43.16
999900911,Intelligent Iron Car,30.72
999900912,Mediocre Concrete Shirt,41.31
999900913,Awesome Aluminum Hat,4.5
999900914,Awesome Linen Bottle,12.68
999900915,Sleek Granite Computer,64.5
999900916,Awesome Silk Bottle,53.56
999900917,Heavy Duty Steel Table,17.99
999900918,Ergonomic Plastic Table,22.33
999900919,Mediocre Wool Gloves,26.34
999900920,Synergistic Wooden Lamp,43.03
999900921,Heavy Duty Wooden Pants,91.22
999900922,Incredible Silk Chair,81.08
999900923,Durable Linen Shoes,75.29
999900924,Lightweight Concrete Chair,31.66
999900925,Durable Bronze Table,84.92
999900926,Intelligent Linen Table,74.05
999900927,Intelligent Linen Keyboard,3.16
999900928,Incredible Concrete Computer,63.67
999900929,Small Granite Pants,0.48
999900930,Intelligent Wooden Bag,69.31
999900931,Mediocre Marble Chair,2.43
999900932,Gorgeous Leather Bench,15.9
999900933,Lightweight Iron Car,55.56
999900934,Aerodynamic Wooden Coat,20.48
999900935,Aerodynamic Paper Watch,78.68
999900936,Fantastic Bronze Clock,64.62
999900937,Aerodynamic Iron Plate,5.27
999900938,Awesome Leather Wallet,18.36
999900939,Durable Rubber Car,29.14
999900940,Small Wool Bench,48.43
999900941,Aerodynamic Rubber Coat,96.51
999900942,Heavy Duty Wool Car,87.5
999900943,Ergonomic Steel Lamp,92.74
999900944,Mediocre Marble Knife,95.97
999900945,Mediocre Paper Shoes,49.12
999900946,Intelligent Wooden Shirt,9.34
999900947,Awesome Rubber Watch,65.27
999900948,Practical Cotton Coat,35.85
999900949,Sleek Paper Shirt,39.38
999900950,Sleek Paper Keyboard,29.04
999900951,Intelligent Steel Chair,53.43
999900952,Incredible Wool Pants,12.78
999900953,Lightweight Iron Plate,86.33
999900954,Enormous Marble Computer,30.23
999900955,Durable Linen Bench,62.08
999900956,Awesome Concrete Bottle,64.11
999900957,Aerodynamic Silk Keyboard,92.36
999900958,Intelligent Paper Keyboard,41.0
999900959,Intelligent Steel Knife,98.6
999900960,Lightweight Granite Shoes,81.09
999900961,Durable Bronze Wallet,98.62
999900962,Enormous Wool Clock,29.84
999900963,Enormous Copper Pants,75.36
999900964,Mediocre Concrete Wallet,83.3
999900965,Heavy Duty Steel Hat,83.68
999900966,Heavy Duty Wool Coat,16.17
999900967,Lightweight Silk Table,65.44
999900968,Synergistic Wool Wallet,67.74
999900969,Durable Iron Table,55.69
999900970,Small Rubber Coat,23.19
999900971,Enormous Cotton Hat,47.14
999900972,Practical Plastic Shoes,76.96
999900973,Intelligent Marble Bench,82.14
999900974,Enormous Leather Bottle,49.25
999900975,Aerodynamic Marble Pants,69.61
999900976,Heavy Duty Iron Shirt,37.54
999900977,Incredible Steel Pants,27.88
999900978,Synergistic Silk Lamp,96.74
999900979,Intelligent Wool Keyboard,4.61
999900980,Awesome Wooden Knife,99.97
999900981,Aerodynamic Aluminum Knife,63.42
999900982,Aerodynamic Rubber Wallet,36.62
999900983,Sleek Paper Bag,69.07
999900984,Heavy Duty Concrete Knife,15.37
999900985,Ergonomic Cotton Shoes,90.4
999900986,Enormous Iron Bag,73.88
999900987,Gorgeous Wooden Coat,19.97
999900988,Fantastic Wooden Wallet,91.21
999900989,Aerodynamic Leather Car,55.24
999900990,Heavy Duty Concrete Knife,29.3
999900991,Durable Aluminum Plate,28.43
999900992,Ergonomic Linen Coat,6.5
999900993,Enormous Leather Computer,80.61
999900994,Practical Rubber Chair,41.76
999900995,Rustic Silk Watch,34.99
999900996,Rustic Bronze Bench,42.75
999900997,Gorgeous Wooden Bag,98.91
999900998,Intelligent Concrete Computer,89.5
999900999,Incredible Aluminum Clock,4.62
999901000,Rustic Marble Computer,8.59
